movie_id,cast,cast_size,director,crew_size
0,[],0,[],0
299534,"['Robert Downey Jr.', 'Chris Evans', 'Mark Ruffalo', 'Chris Hemsworth', 'Scarlett Johansson', 'Jeremy Renner', 'Josh Brolin', 'Don Cheadle', 'Paul Rudd', 'Benedict Cumberbatch', 'Chadwick Boseman', 'Brie Larson', 'Tom Holland', 'Karen Gillan', 'Zoe Saldaña', 'Evangeline Lilly', 'Tessa Thompson', 'Rene Russo', 'Elizabeth Olsen', 'Anthony Mackie', 'Sebastian Stan', 'Tom Hiddleston', 'Danai Gurira', 'Benedict Wong', 'Pom Klementieff', 'Dave Bautista', 'Letitia Wright', 'John Slattery', 'Tilda Swinton', 'Jon Favreau', 'Hayley Atwell', 'Natalie Portman', 'Marisa Tomei', 'Taika Waititi', 'Angela Bassett', 'Michael Douglas', 'Michelle Pfeiffer', 'William Hurt', 'Cobie Smulders', 'Sean Gunn', 'Winston Duke', 'Linda Cardellini', 'Maximiliano Hernández', 'Frank Grillo', 'Hiroyuki Sanada', 'Tom Vaughan-Lawlor', ""James D'Arcy"", 'Jacob Batalon', 'Vin Diesel', 'Bradley Cooper', 'Gwyneth Paltrow', 'Robert Redford', 'Chris Pratt', 'Samuel L. Jackson', 'Lexi Rabe', 'Ross Marquand', 'Joe Russo', 'Emma Fuhrmann', 'Michael James Shaw', 'Terry Notary', 'Kerry Condon', 'Ben Sakamoto', 'Ava Russo', 'Cade Woodward', 'Stan Lee', 'Yvette Nicole Brown', 'Callan Mulvey', 'Lia Mariella Russo', 'Julian Russo', 'Taylor Patterson', 'Agostino Rosalina', 'Ken Jeong', 'Ty Simpkins', 'Jackson A. Dunn', 'Lee Moore', 'Bazlo LeClair', 'Loen LeClair', 'Matthew Berry', 'Joy McAvoy', 'John Michael Morris', 'Michael A. Cook', 'Brent McGee', 'Brian Schaeffer', 'Jamie Wedel', 'Anthony G Breed', 'Erica Ribley', 'Monique Ganderton', 'Jim Starlin', 'Jimmy Ray Pickens', 'Hye Jin Jang', 'Russell Bobbitt', 'James Lin', 'Jack Champion', 'Sam Hargrave', 'Patrick Gorman', 'Aaron Lazar', 'Robert Pralgo', 'Tom Wisdom', 'John Posey', 'Ameenah Kaplan', 'Olaniyan Thurmon', 'Jennifer Elmore', 'Mike Lutz', 'Donald Mustard', 'Robert Tinsley']",105,"['Anthony Russo', 'Joe Russo']",593
19995,"['Sam Worthington', 'Zoe Saldaña', 'Sigourney Weaver', 'Stephen Lang', 'Michelle Rodriguez', 'Giovanni Ribisi', 'Joel David Moore', 'CCH Pounder', 'Wes Studi', 'Laz Alonso', 'Dileep Rao', 'Matt Gerald', 'Sean Anthony Moran', 'Jason Whyte', 'Scott Lawrence', 'Kelly Kilgour', 'James Patrick Pitt', 'Sean Patrick Murphy', 'Peter Dillon', 'Kevin Dorman', 'Kelson Henderson', 'David Van Horn', 'Jacob Tomuri', 'Michael Blain-Rozgay', 'Jon Curry', 'Julene Renee', 'Luke Hawker', 'Woody Schultz', 'Peter Mensah', 'Sonia Yee', 'Jahnel Curfman', 'Ilram Choi', 'Kyla Warren', 'Lisa Roumain', 'Debra Wilson', 'Taylor Kibby', 'Jodie Landau', 'Chris Mala', 'Julie Lamm', 'Cullen B. Madden', 'Joseph Brady Madden', 'Frankie Torres', 'Austin Wilson', 'Sara Wilson', 'Tamica Washington-Miller', 'Lucy Briant', 'Nathan Meister', 'Gerry Blair', 'Matthew Chamberlain', 'Paul Yates', 'Wray Wilson', 'James Gaylyn', 'Melvin Leno Clark III', 'Carvon Futrell', 'Brandon Jelkes', 'Micah Moch', 'Haniyyah Tahirah', 'Christopher Nolen', 'Christa Oliver', 'April Marie Thomas', 'Bravita A. Threatt', 'Alicia Vela-Bailey', 'Larry Rew', 'Dina Morrone', 'Rodney Cook']",65,['James Cameron'],986
140607,"['Harrison Ford', 'Mark Hamill', 'Carrie Fisher', 'Adam Driver', 'Daisy Ridley', 'John Boyega', 'Oscar Isaac', ""Lupita Nyong'o"", 'Andy Serkis', 'Domhnall Gleeson', 'Anthony Daniels', 'Max von Sydow', 'Peter Mayhew', 'Gwendoline Christie', 'Joonas Suotamo', 'Pip Andersen', 'Simon Pegg', 'Kiran Shah', 'Sasha Frost', 'Pip Torrens', 'Andrew Jack', 'Rocky Marshall', 'Greg Grunberg', 'Emun Elliott', 'Brian Vernel', 'Yayan Ruhian', 'Sebastian Armesto', 'Maisie Richardson-Sellers', 'Warwick Davis', 'Cailey Fleming', 'Mark Stanley', 'Ken Leung', 'Iko Uwais', 'Anna Brewster', 'Harriet Walter', 'Tim Rose', 'Erik Bauersfeld', 'Mike Quinn', 'Bill Kipsang Rotich', 'Michael Giacchino', 'Nigel Godrich', 'Judah Friedlander', 'Victor McGuire', 'Miltos Yerolemou', 'Billie Lourd', 'Leanne Best', 'Crystal Clarke', 'Jeffery Kissoon', 'Claudia Sermbezis', 'Gerald W. Abrams', 'Jim McGrath', 'Philicia Saunders', 'Morgan Dameron', 'Jessica Henwick', 'Tosin Cole', 'James McArdle', 'Stefan Grube', 'Dixie Arnold', 'Hannah John-Kamen', 'Kate Fleetwood', 'Thomas Brodie-Sangster', 'Brian Herring', 'Dave Chapman', 'Jimmy Vee', 'Cecep Arif Rahman', 'Ian Whyte', 'Daniel Craig', 'Ewan McGregor', 'Frank Oz', 'Alec Guinness', 'Tom Kane', 'Catherine Taber', 'Matthew Wood', 'Sam Witwer', 'Meredith Salenger', 'James Arnold Taylor', 'Michael Donovan', 'Devon Libran', 'Robert Stambler', 'Verona Blue', 'Fred Tatasciore', 'Patrick Correll', 'Karen Huie', 'Orly Schuchmacher', 'Ben Schwartz', 'Mark Dodson', 'Liang Yang', 'David Acord', 'Jamie B. Chambers', 'David M. Santana', 'Francesca Longrigg', 'D.C. Barns', 'Tom Edden', 'Richard Riddell', 'Jefferson Hall', 'Jack Laskey', 'Daniel Adjei', 'Charlie Akin', 'Adrian Allan', 'Samantha Alleyne', 'Paul Biddiss', 'Hannah Blamires', 'Rony Bridges', 'Stuart Budd', 'Calvin Chen', 'Alan Chimes', 'Jamie Clay', 'David W. Collins', 'Cavin Cornwall', 'Rowan Cox', 'Nathalie Cuzner', 'Rimmel Daniel', ""Keith De'Winter"", 'Adrian Derrick-Palmer', 'Cameron Edwards', 'Jesse Michael Fullington', 'Gloria Garcia', 'Salo Gardner', 'Caroline Garnell', 'Chris Geden', 'Versha Grant', 'Steven James Griffiths', 'Gary Hailes', 'Tim Hammersley', 'Chris Hastings', 'Marina Hayter', 'Kelvin Hewlett', 'Matthew Hobbs', 'Phil Hodges', 'Leigh Holland', 'Kevin Hudson', 'Phoenix James', 'Zander James', 'Tobias James-Samuels', 'Paul Kasey', 'Aaron Kennedy', 'Aidan Knight', 'Sanj Krishnan', 'Lukas Landau', 'Andrei Lenart', 'Jorge Leon', 'Julia Leyland', 'Billy James Machin', 'Hamza Malik', 'Raymond Mamrak', 'Kelsey Edwards', 'Kenny-Lee Mbanefo', 'David McCarrison', 'Sandeep Mohan', 'Benjayx Murphy', 'Robert Strange', 'Charlie Nevett', 'Jason Nicholls', 'Terry Noble', 'David Norfolk', 'Tatsujiro Oto', 'Gillian Pittaway', 'Nathan Plant', 'Elroy Powell', 'Jay Rincon', 'Marc Rolfe', 'Julio Romeo', 'Arti Shah', 'Kat Sheridan', 'Stephanie Silva', 'Jasper Skinner', 'Sandy Kate Slade', 'Clem So', 'Benito Sovrano', 'Karol Steele', 'François Sternkiker', 'Frank Stone', 'Andy Sweet', 'Peter Theobalds', 'Pablo Verdejo', 'Ashley Ward', 'Paul Warren', 'Topo Wresniwiro', 'Joshua Ásberg', 'Joe Cash', 'Clare Glass', 'Kevin Smith']",182,['J.J. Abrams'],257
299536,"['Robert Downey Jr.', 'Chris Evans', 'Chris Hemsworth', 'Josh Brolin', 'Mark Ruffalo', 'Scarlett Johansson', 'Don Cheadle', 'Benedict Cumberbatch', 'Tom Holland', 'Chadwick Boseman', 'Zoe Saldaña', 'Karen Gillan', 'Tom Hiddleston', 'Paul Bettany', 'Elizabeth Olsen', 'Anthony Mackie', 'Sebastian Stan', 'Idris Elba', 'Danai Gurira', 'Peter Dinklage', 'Benedict Wong', 'Pom Klementieff', 'Dave Bautista', 'Vin Diesel', 'Bradley Cooper', 'Chris Pratt', 'Gwyneth Paltrow', 'Benicio del Toro', 'Sean Gunn', 'William Hurt', 'Letitia Wright', 'Terry Notary', 'Tom Vaughan-Lawlor', 'Carrie Coon', 'Michael James Shaw', 'Stan Lee', 'Winston Duke', 'Florence Kasumba', 'Kerry Condon', 'Monique Ganderton', 'Jacob Batalon', 'Tiffany Espensen', 'Isabella Amara', 'Ethan Dizon', 'Ariana Greenblatt', 'Ameenah Kaplan', 'Ross Marquand', 'Michael Anthony Rogers', 'Stephen McFeely', 'Aaron Lazar', 'Robert Pralgo', 'Olaniyan Thurmon', 'Blair Jasin', 'Matthew Zuk', 'Laura Miller', 'Kenneth Branagh', 'Samuel L. Jackson', 'Cobie Smulders', 'Harrison Osterfield', 'Gary Peebles', 'Marija Abney', 'Zola Williams', 'Marie Mouroum', 'James Siderits', 'Precious Jenkins', 'Bobby James', 'Lady Cardinal', 'Tanya Wheelock', 'Robert Tinsley']",69,"['Joe Russo', 'Anthony Russo']",724
597,"['Leonardo DiCaprio', 'Kate Winslet', 'Billy Zane', 'Kathy Bates', 'Frances Fisher', 'Gloria Stuart', 'Victor Garber', 'Bill Paxton', 'Bernard Hill', 'David Warner', 'Jonathan Hyde', 'Lewis Abernathy', 'Suzy Amis', 'Danny Nucci', 'Nicholas Cascone', 'Jason Barry', 'Lew Palter', 'Eric Braeden', 'Ewan Stewart', 'Bernard Fox', 'Ioan Gruffudd', 'Jonny Phillips', 'Edward Fletcher', 'Scott G. Anderson', 'Martin East', 'Gregory Cooke', 'Alexandrea Owens', 'Seth Adkins', 'Michael Ensign', 'Anatoly M. Sagalevitch', 'Martin Hub', 'Mark Lindsay Chapman', 'Richard Graham', 'Paul Brightwell', 'Craig Kelly', 'Ron Donachie', 'Charlotte Chatton', 'Fannie Brett', 'Jenette Goldstein', 'Camilla Overbye Roos', 'Linda Kerns', 'Amy Gaipa', 'Martin Jarvis', 'Rosalind Ayres', 'Rochelle Rose', 'Jonathan Evans-Jones', 'Rocky Taylor', 'Liam Tuohy', 'Simon Crane', 'James Lancaster', 'Elsa Raven', 'Reece P. Thompson III', 'Laramie Landis', 'Mark Rafael Truitt', 'John Walcutt', 'Terry Forrestal', 'Derek Lea', 'Richard Ashton', 'Sean Nepita', 'Brendan Connolly', 'David Cronnelly', 'Garth Wilton', 'Richard Fox', 'Nick Meaney', 'Kevin Owers', 'Mark Capri', 'Marc Cass', 'Paul Herbert', 'Emmett James', 'Chris Byrne', 'Oliver Page', 'James Garrett', 'Erik Holland', 'Jari Kinnunen', 'Anders Falk', 'Barry Dennen', 'Vern Urich', 'Rebecca Klingler', ""Tricia O'Neil"", 'Kathleen S. Dunn', 'Romeo Francis', 'Mandana Marino', 'Van Ling', 'Bjørn Olsen', 'Dan Pettersson', 'Shay Duffin', 'Greg Ellis', 'Diana Morgan', 'Kris Andersson', 'Bobbie Bates', 'Aaron James Cash', 'Anne Fletcher', 'Edmond Alan Forsyth', 'Andie Hicks', 'Scott Hislop', 'Stan Mazin', 'Lisa Ratzin', 'Julene Renee', 'Brian Walsh', 'Alexandra Boyd', 'James Cameron', 'Mike Butters', 'Kevin De La Noy', 'Tony Kenny', 'Sean Lawlor', 'Don Lynch', 'Johnny Martin', 'Meghan McLeod', 'Steven Quale', 'R. Gern Trowbridge', 'Olivia Rosewood', 'John Slade', 'Brian McDermott', 'Bret Aaron Knower', 'Martin Laing', 'Rebecca Klinger']",116,['James Cameron'],258
135397,"['Chris Pratt', 'Bryce Dallas Howard', 'Irrfan Khan', ""Vincent D'Onofrio"", 'Ty Simpkins', 'Nick Robinson', 'Jake Johnson', 'Omar Sy', 'BD Wong', 'Judy Greer', 'Lauren Lapkus', 'Brian Tee', 'Katie McGrath', 'Andy Buckley', 'Eric Edelstein', 'Courtney James Clark', 'Colby Boothman-Shepard', 'Jimmy Fallon', 'James DuMont', 'Matt Burke', 'Anna Talakkottur', 'Matthew Cardarople', 'Michael Papajohn', 'William Gary Smith', 'Kelly Washington', 'Isaac Keys', 'Patrick Crowley', 'Chad Randall', 'Gary Weeks', 'Bill Ogilvie', 'Allan Tam', 'Yvonne Angulo', 'Chloe Perrin', 'Timothy Eulich', 'Kevin Foster', 'Bonnie Wild', 'Brad Bird', 'Colin Trevorrow', 'Justin Lacalamita', 'Tiffany Forest', 'Arlene Newman', 'Tait Fletcher', 'Jimmy Buffett', 'Tim Connolly', 'Johnny Otto', 'Erika Erica', 'Brandon Marc Higa', 'Martin Klebba', 'Eddie J. Fernandez', 'Rob Fuller', 'Julia Holt', 'Brandon Richardson']",52,['Colin Trevorrow'],423
420818,"['Chiwetel Ejiofor', 'John Oliver', 'Donald Glover', 'James Earl Jones', 'John Kani', 'Alfre Woodard', 'Beyoncé', 'JD McCrary', 'Shahadi Wright Joseph', 'Penny Johnson Jerald', 'Keegan-Michael Key', 'Eric André', 'Florence Kasumba', 'Seth Rogen', 'Billy Eichner', 'Amy Sedaris', 'Chance the Rapper', 'Josh McCrary', 'Phil LaMarr', 'J. Lee']",20,['Jon Favreau'],44
24428,"['Robert Downey Jr.', 'Chris Evans', 'Mark Ruffalo', 'Chris Hemsworth', 'Scarlett Johansson', 'Jeremy Renner', 'Tom Hiddleston', 'Clark Gregg', 'Cobie Smulders', 'Stellan Skarsgård', 'Samuel L. Jackson', 'Gwyneth Paltrow', 'Paul Bettany', 'Alexis Denisof', 'Tina Benko', 'Jerzy Skolimowski', 'Kirill Nikiforov', 'Jeff Wolfe', ""M'laah Kaur Singh"", 'Rashmi Rustagi', 'Powers Boothe', 'Jenny Agutter', 'Arthur Darbinyan', 'Donald Li', 'Warren Kole', 'Alicia Sixtos', 'Jesse Garcia', 'Maximiliano Hernández', 'Dieter Riesle', 'Kenneth Tigar', 'Walter Perez', 'Harry Dean Stanton', 'Josh Cowdery', 'Ashley Johnson', 'Katsumi Komatsu', 'Yumiko Komatsu', 'Momoko Komatsu', 'Robert Clohessy', 'Enver Gjokaj', 'Fernanda Toker', 'Andrea Vecchio', 'Robin Swoboda', 'Brent McGee', 'Jamie McShane', 'Michael Zhang', 'William-Christopher Stephens', 'Kelley Robins Hicks', 'Romy Rosemont', 'James Eckhouse', 'Stan Lee', 'Thomas Roberts', 'Pat Kiernan', 'Damion Poitier', 'Lou Ferrigno', 'Jillian Morgese', 'Catherine Anderson', 'Ricardo Andres', 'Logan Bennett', 'Mayank Bhatter', 'Sharita Bone', 'Jason Botsford', 'Mary Kate Campbell', 'Gene N. Chavez', 'Layla Cushman', 'Robert Dean', 'Rick Dremann', 'Rod Fielder', 'Eric Frank', 'Israel Hall', 'Carmen Dee Harris', 'Alexander Christopher Jones', 'Mike Karban', 'Demoine Kinney', 'Andrew Knode', 'Annette Lawless', 'Kimberly J. Mahoney', 'Todd Manes', 'Jorge Mardel', 'Michael McMillan', 'Sean Meehan', 'Holly Neelie', 'Caleb Daniel Noal', 'Jeremy Orr', 'Nate Paige', 'Martin Palmer', 'Maria Perossa', 'Caleb Pieplow', 'Alexander Daniel Pimentel', 'Frank Powers', 'Jaime Powers', 'Brent Reichert', 'Kelly Ruble', 'Gina Sarno', 'Robert B. Schneider IV', 'Jeff Seich', 'Christina Shaffer', 'Douglas Slygh', 'Colin Strause', 'Robert P. Thitoff', 'George Thomas', 'Shane Thompson', 'Jerry Lee Tucker', 'Tai Urban', 'Chris Vaina', 'Sandra Weston', 'Seth Zielicke', 'Alex DeCourville', 'Andrea-Nichole Olivas', 'Tina Grimm', 'Evan Kole', 'Hank Amos', 'Joti Nagra']",112,['Joss Whedon'],631
168259,"['Vin Diesel', 'Paul Walker', 'Jason Statham', 'Michelle Rodriguez', 'Jordana Brewster', 'Tyrese Gibson', 'Ludacris', 'Dwayne Johnson', 'Lucas Black', 'Kurt Russell', 'Nathalie Emmanuel', 'Elsa Pataky', 'John Brotherton', 'Luke Evans', 'Tony Jaa', 'Djimon Hounsou', 'Noel Gugliemi', 'Ali Fazal', 'Sung Kang', 'Ronda Rousey', 'Miller Kimsey', 'Charlie Kimsey', 'Eden Estrella', 'Gentry White', 'Iggy Azalea', 'Jon Lee Brody', 'Levy Tran', 'Anna Colwell', 'Viktor Hernandez', 'Steve Coulter', 'Robert Pralgo', 'Antwan Mills', 'J.J. Gonzalez', 'Jorge Ferragut', 'Sara Sohn', 'Benjamin Blankenship', 'D.J. Hapa', 'T-Pain', 'Brian Mahoney', 'Brittney Alger', 'Romeo Santos', 'Jocelin Donahue', 'Stephanie Langston', 'Jorge-Luis Pallo', 'Nathalie Kelley', 'Shad Moss', 'Caleb Walker', 'Cody Walker']",48,['James Wan'],222
99861,"['Robert Downey Jr.', 'Chris Hemsworth', 'Mark Ruffalo', 'Chris Evans', 'Scarlett Johansson', 'Jeremy Renner', 'James Spader', 'Samuel L. Jackson', 'Don Cheadle', 'Aaron Taylor-Johnson', 'Elizabeth Olsen', 'Paul Bettany', 'Cobie Smulders', 'Anthony Mackie', 'Hayley Atwell', 'Idris Elba', 'Linda Cardellini', 'Stellan Skarsgård', 'Claudia Kim', 'Thomas Kretschmann', 'Andy Serkis', 'Julie Delpy', 'Stan Lee', 'Henry Goodman', 'Chris Luca', 'Brian Schaeffer', 'Dominique Provost-Chalkley', 'Isaac Andrews', 'Gareth Kieran Jones', 'Chan Woo Lim', 'Minhee Yeo', 'Bentley Kalu', 'Julian Bleach', 'Christopher Beasley', 'Vuyo Dabula', 'Nondumiso Tembe', 'Kabelo Thai', 'Lele Ledwaba', 'Mandla Gaduka', 'Harriet Manamela', 'Beulah Hashe', 'Musca Kumalo', 'Mathapelo September', 'Antony Acheampong', 'Chioma Anyanwu', 'Ben Sakamoto', 'Imogen Poynton', 'Isabella Poynton', 'Ingvild Deila', 'Sunny Yeo', 'Namju Go', 'Mina Kweon', 'Earl T. Kim', 'Arthur Lee', 'Verity Hewlett', 'Michael Matovski', 'Alma Noce', 'Riccardo Richetta', 'Constanza Ruff', 'Monty Mclaren-Clark', 'Julia Krynke', 'Tony Christian', 'Ian Kay', 'Barry Aird', 'Aaron Himelstein', 'Kerry Condon', 'Jaiden Stafford', 'Josh Brolin', 'Robert J. Fraser', 'Lou Ferrigno', 'Zakk Pierce', 'Avinashi Sharma']",72,['Joss Whedon'],636
284054,"['Chadwick Boseman', 'Michael B. Jordan', ""Lupita Nyong'o"", 'Danai Gurira', 'Martin Freeman', 'Daniel Kaluuya', 'Letitia Wright', 'Winston Duke', 'Sterling K. Brown', 'Angela Bassett', 'Forest Whitaker', 'Andy Serkis', 'Florence Kasumba', 'John Kani', 'David S. Lee', 'Nabiyah Be', 'Isaach de Bankolé', 'Connie Chiume', 'Dorothy Steel', 'Danny Sapani', 'Sydelle Noel', 'Marija Abney', 'Zola Williams', 'Janeshia Adams-Ginyard', 'Maria Hippolyte', 'Marie Mouroum', 'Jénel Stevens', 'Sope Aluko', 'Stan Lee', 'Atandwa Kani', 'Ashton Tyler', 'Denzel Whitaker', 'Shaunette Renée Wilson', 'Christine Hollingsworth', 'Lucy Hockings', 'Bambadjan Bamba', 'Roland Kilumbu', 'Jermaine Holt', 'Dominique Elijah Smith', 'Jalil Jay Lynch', 'Vaughndio Forbes', 'Sasha Morfaw', 'Alexis Louder', 'Francesca Faridany', 'Mark Ashworth', 'Seth Carr', 'Jeremy Sample', 'Chad Crumley', 'Alexis Rhee', 'Danny Chung', 'Liz Elkins Newcomer', 'Tony Sears', 'Alex C. Riley Hughes', 'Clifford Gay', 'Shamel Heath', ""De'Jon Watts"", 'Alex R. Hibbert', 'Tristan Timmons', 'Tyler Timmons', 'Abraham Clinkscales', 'Thabo Moropane', 'Zani Mogodi', 'Zenzi Williams', 'Trevor Noah', 'T. Love', 'Sebastian Stan']",66,['Ryan Coogler'],557
12445,"['Daniel Radcliffe', 'Emma Watson', 'Rupert Grint', 'Ralph Fiennes', 'Alan Rickman', 'Michael Gambon', 'Warwick Davis', 'Helena Bonham Carter', 'Ciarán Hinds', 'Matthew Lewis', 'John Hurt', 'Evanna Lynch', 'Robbie Coltrane', 'Kelly Macdonald', 'Tom Felton', 'Helen McCrory', 'Jason Isaacs', 'Maggie Smith', 'David Thewlis', 'Gary Oldman', 'David Bradley', 'Julie Walters', 'Gemma Jones', 'Dave Legeno', 'Miriam Margolyes', 'Nick Moran', 'James Phelps', 'Oliver Phelps', 'Clémence Poésy', 'Natalia Tena', 'Mark Williams', 'Bonnie Wright', 'Domhnall Gleeson', 'Graham Duff', 'Anthony Allgood', 'Rusty Goffe', 'Jon Key', 'Ian Peck', 'Benn Northover', 'Hebe Beardsall', 'Devon Murray', 'Jessie Cave', 'Afshan Azad', 'Isabella Laughland', 'Anna Shaffer', 'Georgina Leonidas', 'Freddie Stroma', 'Alfred Enoch', 'Katie Leung', 'William Melling', 'Sian Grace Phillips', 'Ralph Ineson', 'Suzie Toase', 'Jim Broadbent', 'Scarlett Hefner', 'Josh Herdman', 'Louis Cordice', 'Amber Evans', 'Ruby Evans', 'George Harris', 'Chris Rankin', 'Guy Henry', 'Phil Wright', 'Gary Sayer', 'Tony Adkins', 'Penelope McGhie', 'Emma Thompson', 'Ellie Darcey-Alden', 'Ariella Paradise', 'Benedict Clarke', 'Leslie Phillips', 'Alfie McIlwain', 'Rohan Gotobed', 'Geraldine Somerville', 'Adrian Rawlins', 'Toby Papworth', 'Timothy Spall', 'Peter G. Reed', 'Judith Sharp', 'Emil Hostina', 'Bob Yves Van Hellenberg Hubar', 'Granville Saxton', 'Tony Kirwood', 'Ashley McGuire', 'Arthur Bowen', 'Daphne de Beistegui', 'Will Dunn', 'Jade Gordon', 'Bertie Gilbert', 'Helena Barlow', 'Ryan Turner', 'Paul Bailey', 'Sean Biggerstaff', 'Vinnie Clarke', 'David Heyman', 'Charlie Hobbs', 'Luke Newberry', 'Keijo J. Salmela', 'Spencer Wilding', 'Harrison Davis', 'Annabelle Davis', 'Samantha Davis', 'Natalie Hallam']",103,['David Yates'],154
181808,"['Mark Hamill', 'Carrie Fisher', 'Adam Driver', 'Daisy Ridley', 'John Boyega', 'Oscar Isaac', 'Andy Serkis', ""Lupita Nyong'o"", 'Domhnall Gleeson', 'Anthony Daniels', 'Gwendoline Christie', 'Kelly Marie Tran', 'Laura Dern', 'Benicio del Toro', 'Frank Oz', 'Billie Lourd', 'Joonas Suotamo', 'Amanda Lawrence', 'Jimmy Vee', 'Brian Herring', 'Dave Chapman', 'Justin Theroux', 'Tim Rose', 'Tom Kane', 'Adrian Edmondson', 'Mark Lewis Jones', 'Hermione Corfield', 'Veronica Ngo', 'Noah Segan', 'Jamie Christopher', 'Paul Kasey', 'Michaela Coel', 'Jonathan Harden', 'Danny Euston', 'Priyanga Burford', 'Navin Chowdhry', 'Andrew Jack', 'Crystal Clarke', 'Aki Omoshaybi', 'Togo Igawa', 'Hugh Skinner', 'Tim Steed', 'Simon Lowe', 'Joe Van Moyland', 'Shauna Macdonald', 'Darren Morfitt', 'Gerard Monaco', 'Kate Dickie', ""Patrick O'Kane"", 'Paul Bazely', 'Orion Lee', 'Amira Ghazalla', 'Ralph Ineson', 'Akshay Kumar', 'Michael Jibson', 'Luke Neal', 'Andy Nyman', 'Temirlan Blaev', 'Josiah Oniha', 'Sara Heller', 'Matthew Sharp', 'Lily Cole', 'Warwick Davis', 'Kiran Shah', 'Joseph Gordon-Levitt', 'Mike Quinn', 'Gareth Edwards', 'Jack Greenlees', 'Danny Sapani', 'Kevin Layne', 'Ben Morris', 'Gary Barlow', 'Edgar Wright', 'Joe Cornish', 'Griffin Hamill', 'Nathan Hamill', 'Chelsea Hamill', 'Liang Yang', 'David M. Santana', 'Andrew Abbott', 'Chris Adams', 'Samantha Alleyne', 'Martin Bratanov', 'Glen Carroll', 'Cavin Cornwall', 'James Cox', 'Steve Doyle', 'Josh Dyer', 'Karl Farrer', 'James Filanowski', 'David R. Grant', 'Ómar Guðjónsson', 'Craig Izzard', 'Christopher Jaciow', 'Tobias James-Samuels', 'Dan Lam', 'Antonio Lujak', 'Josh Methven', 'Sandeep Mohan', 'Ross Moneypenny', 'Florian Robin', 'Stephanie Silva', 'Clem So', 'Leo Thompson', 'Andy Wareham', 'William Willoughby', 'Oscar Wright', 'Karanja Yorke', 'Sarah-Jane De Crespigny']",109,['Rian Johnson'],212
330457,"['Kristen Bell', 'Idina Menzel', 'Josh Gad', 'Jonathan Groff', 'Evan Rachel Wood', 'Sterling K. Brown', 'Alfred Molina', 'Rachel Matthews', 'Jason Ritter', 'Martha Plimpton', 'Ciarán Hinds', 'Jeremy Sisto', 'Stephen J. Anderson', 'Chris Williams', 'Maia Wilson', 'Paul Briggs', 'Hadley Gannaway', 'Mattea Conforti', 'Aurora Aksnes', 'Alan Tudyk', 'Santino Fontana', 'Livvy Stubenrauch', 'Eva Bella', 'Jackson Stein', 'Delaney Rose Stein', 'Halima V. Hudson', 'Isabella Acres', 'Stephen Apostolina', 'Kimberly Bailey', 'David Boat', 'June Christopher', 'Antonio Raul Garcia', 'David Cowgill', 'Wendy Cutler', ""Hudson D'Andrea"", 'Grey DeLisle', 'Jessica DiCicco', 'Terri Douglas', 'Robin Atkin Downes', 'Nick Fisher', 'Jackie Gonneau', 'Franck Gourlat', 'Daniel Kaz', 'Phil LaMarr', 'Arnaud Léonard', 'Mimi Maynard', 'Scott Menville', 'Melanie Minichino', 'Max Mittelman', 'Matt Nolan', 'Capri Oliver', 'Arthur Ortiz', 'Paul Pape', 'Michael Ralph', 'Akai Robinson', 'Lynwood Robinson', 'Maddix Robinson', 'Kaitlyn Robrock', 'Violet Grace Schaffer', 'Pepper Sweeney', 'Fred Tatasciore', 'Jean-Alain Velardo', 'Kari Wahlgren', 'Matthew Wood']",64,"['Jennifer Lee', 'Chris Buck']",39
351286,"['Chris Pratt', 'Bryce Dallas Howard', 'Rafe Spall', 'Justice Smith', 'Daniella Pineda', 'James Cromwell', 'Toby Jones', 'Ted Levine', 'Jeff Goldblum', 'BD Wong', 'Geraldine Chaplin', 'Isabella Sermon', 'Robert Emms', 'Peter Jason', 'Kevin Layne', 'John Schwab', 'Sam Redford', 'Charlie Rawes', 'Patrick Crowley', 'Alex Dower', 'Honey Holmes', 'Neil Bishop', 'Philippa Thomas', 'Ronan Summers', 'Cory Peterson', 'Jeremy Gilbert', 'Victor Gardener', 'Daryl Kwan', 'Eric Kofi Abrefa', 'Ben Peel', 'Mark Griffin', 'Paul Sockett', 'Douglas Robson', 'Gil Kolirin', 'Nathan Florence', 'Bryan Phillips', 'Mitchell L. Johnson', 'Michael Papajohn', 'Daniel Stisen']",39,['J.A. Bayona'],381
109445,"['Kristen Bell', 'Idina Menzel', 'Jonathan Groff', 'Josh Gad', 'Livvy Stubenrauch', 'Santino Fontana', 'Eva Bella', 'Alan Tudyk', 'Maia Wilson', 'Ciarán Hinds', 'Annie Lopez', 'Annaleigh Ashford', 'Paul Briggs', 'Stephen J. Anderson', 'Maurice LaMarche', 'Jennifer Lee', 'Chris Williams', 'Edie McClurg', 'Robert Pine', 'Spencer Lacey Ganus', 'Jesse Corti', 'Jeffrey Marcus', 'Tucker Gilmore', 'Ava Acres', 'Stephen Apostolina', 'Kirk Baily', 'Jenica Bergere', 'David Boat', 'Tyree Brown', 'Woody Buck', 'June Christopher', 'Lewis Cleale', 'Wendy Cutler', 'Terri Douglas', 'Eddie Frierson', 'Jean Gilpin', 'Jackie Gonneau', 'Nicholas Guest', 'Bridget Hoffman', 'Nick Jameson', 'Daniel Kaz', 'John Lavelle', 'Patricia Lentz', 'Katie Lowes', 'Mona Marshall', 'Dara McGarry', 'Scott Menville', 'Adam Overett', 'Paul Pape', 'Courtney Peldon', 'Jennifer Perry', 'Raymond S. Persi', 'Jean-Michel Richaud', 'Lynwood Robinson', 'Carter Sand', 'Jadon Sand', 'Katie Silverman', 'Pepper Sweeney', 'Fred Tatasciore', 'Jack Whitehall']",60,"['Chris Buck', 'Jennifer Lee']",284
321612,"['Emma Watson', 'Dan Stevens', 'Luke Evans', 'Josh Gad', 'Kevin Kline', 'Hattie Morahan', 'Haydn Gwynne', 'Gerard Horan', 'Ray Fearon', 'Ewan McGregor', 'Ian McKellen', 'Emma Thompson', 'Nathan Mack', 'Audra McDonald', 'Stanley Tucci', 'Gugu Mbatha-Raw', 'Clive Rowe', 'Thomas Padden', 'Rita Davies', 'D.J. Bailey', 'Adrian Schiller', 'Harriet Jones', 'Adam Mitchell', 'Tom Turner', 'Michael Jibson', 'Zoe Rainey', 'Daisy Duczmal', 'Jolyon Coy', 'Jimmy Johnston', 'Dean Street', 'Alexis Loizon', 'Sophie Reid', 'Rafaëlle Cohen', 'Carla Nella', 'Obioma Ugoala', 'Lynne Wilmot', 'Jane Fowler', 'Alison Harding', 'Chris Andrew Mellon', 'Jemma Alexander', 'Sandy Strallen', 'Dale Branston', 'Daniel Ioannou', 'Peter Challis', 'Wendy Baldock', 'Norma Atallah', 'Leo Andrew', 'Steven Butler', 'Sharon Gomez', 'Jacqui Jameson', 'Vivien Parry', 'Simone Sault', 'Beth Willetts', 'Mandy Montanez', 'Tom Oakley', 'William Bozier', 'Jak Allen-Anderson', 'Phil Grannel', 'Freddie August', 'Nicola Keen', 'Ebony Molina', 'Alison Jenkins', ""Ellen O'Grady"", 'Dawn Buckland', 'Rebecca Mckinnis', 'Jody Hall', 'Ben Fox', 'Nathan Vaughan Harris', 'Tim Stanley', 'Ben Clare', 'Marina Abdeen', 'Danielle Acors', 'Hayley Ainsley', 'Rhianne Alleyn', 'Gabby Antrobus', 'Sophie Atkins', 'Koko Basigara', 'Holly Bluett', 'Daisy Boyles', 'Ava Brennan', 'Sophia Brown', 'Sophie Carmen-Jones', 'Cassie Clare', 'Tanya Cumberland', 'Natalie Davis', 'Paige Drury-Lawrence', 'Stephanie Elstob', 'Cordelia Farnworth', 'Cj Field', 'Lily Frazer', 'Lucy Alexa Gilbert', 'Helen Gulstan', 'Selina Hamilton', 'Leah Hill', 'Abigayle Honeywill', 'Chelsea Inez', 'Blythe Jandoo', 'Shireen Jathoonia', 'Billie Kay-Piper', 'Hannah Kenna-Thomas', 'Ella Kora', 'Jennifer Leung', 'Emily Loumba', 'Cassie Macmillian', 'Fiona McDonald', 'Samira Mighty', 'Sonoya Mizuno', 'Anna Momcilovic', 'Nicola Mooi', ""Nicole O'Neill"", 'Abiona Omonua', 'Jazz Peters', 'Courtney Pruce', 'Kayla Radam', 'Katie Singh', 'Lucy St. Louis', 'Ruth Steele', 'Jasmine Takacs', 'Naomi Weijand', 'Leah West', 'Skye Lucia Degruttola', 'Timia Julien-Box', 'Adelaide Morgan', 'Gemma Fray', 'Lara Decaro', 'Max Brophy', 'Samuel Brown', 'Daniel Daszek-Green', 'Freddie Hunter', 'Joey Brown', 'Tom Burgering', 'Nate Leung', 'Kai Gordon', 'Oscar Francisco', 'Harry Marcus', 'Johanna Smitz', 'Isobel Hamilton']",137,['Bill Condon'],155
260513,"['Craig T. Nelson', 'Holly Hunter', 'Sarah Vowell', 'Huck Milner', 'Samuel L. Jackson', 'Bob Odenkirk', 'Catherine Keener', 'Jonathan Banks', 'Brad Bird', 'John Ratzenberger', 'Eli Fucile', 'Nicholas Bird', 'Bill Wise', 'Michael Bird', 'Sophia Bush', 'Phil LaMarr', 'Paul Eiding', 'Isabella Rossellini', 'Barry Bostwick', 'Adam Rodriguez', 'Jere Burns', 'Kimberly Adair Clark', 'Usher', 'Adam Gates', 'Michael B. Johnson', 'A.J. LoCascio', 'Alyson Stoner', 'Andrew Kishino', 'Austin Madison', 'Brian Dluhy', 'Cathy Cavadini', 'Dave Fennoy', 'David Cowgill', 'Debi Derryberry', 'Fred Tatasciore', 'Teddy Newton', 'Dennis Singletary', 'Diamond White', 'Eddie Frierson', 'Grace Geller', 'Greg Dykstra', 'Jackie Gonneau', 'Jacqueline Pinol', 'Jean Gilpin', 'Matthew Wood', 'Steve Blum', 'Wally Wingert', 'Max Mittelman']",48,['Brad Bird'],259
